,DBN,School Name,Number Tested,Mean Scale Score,# Level 1,# Level 2,# Level 3,# Level 4
53,01M034,P.S. 034 FRANKLIN D. ROOSEVELT,59,298.0,21.0,24.0,9.0,5.0
136,01M140,P.S. 140 NATHAN STRAUS,58,285.0,28.0,26.0,4.0,0.0
169,01M184,P.S. 184M SHUANG WEN,56,360.0,0.0,4.0,13.0,39.0
191,01M188,P.S. 188 THE ISLAND SCHOOL,61,299.0,16.0,30.0,13.0,2.0
203,01M292,HENRY STREET SCHOOL FOR INTERNATIONAL STUDIES,14,263.0,10.0,3.0,1.0,0.0
215,01M301,"TECHNOLOGY, ARTS, AND SCIENCES STUDIO",47,270.0,36.0,11.0,0.0,0.0
239,01M332,UNIVERSITY NEIGHBORHOOD MIDDLE SCHOOL,28,283.0,16.0,5.0,5.0,2.0
251,01M345,"COLLABORATIVE ACADEMY OF SCIENCE, TECHNOLOGY, & LANGUAGE-ARTS EDUCATION",57,291.0,24.0,24.0,5.0,4.0
299,01M378,SCHOOL FOR GLOBAL LEADERS,65,297.0,26.0,27.0,6.0,6.0
312,01M450,EAST SIDE COMMUNITY SCHOOL,61,324.0,2.0,23.0,28.0,8.0
343,01M839,TOMPKINS SQUARE MIDDLE SCHOOL,48,318.0,4.0,25.0,11.0,8.0
515,02M104,J.H.S. 104 SIMON BARUCH,257,316.0,53.0,74.0,76.0,54.0
536,02M111,P.S. 111 ADOLPH S. OCHS,57,287.0,29.0,22.0,4.0,2.0
548,02M114,EAST SIDE MIDDLE SCHOOL,144,354.0,1.0,19.0,44.0,80.0
617,02M131,M.S. 131,130,328.0,19.0,29.0,35.0,47.0
663,02M167,J.H.S. 167 ROBERT F. WAGNER,298,318.0,37.0,123.0,88.0,50.0
722,02M217,P.S./I.S. 217 ROOSEVELT ISLAND,25,289.0,11.0,10.0,3.0,1.0
743,02M225,ELLA BAKER SCHOOL,8,322.0,1.0,2.0,2.0,3.0
767,02M255,M.S. 255 SALK SCHOOL OF SCIENCE,48,322.0,8.0,6.0,23.0,11.0
779,02M260,M.S. 260 CLINTON SCHOOL WRITERS & ARTISTS,81,335.0,3.0,22.0,33.0,23.0
804,02M276,BATTERY PARK CITY SCHOOL,53,294.0,18.0,26.0,9.0,0.0
816,02M289,I.S. 289,89,331.0,5.0,26.0,35.0,23.0
841,02M312,NEW YORK CITY LAB MIDDLE SCHOOL FOR COLLABORATIVE STUDIES,48,328.0,2.0,13.0,22.0,11.0
861,02M347,THE 47 AMERICAN SIGN LANGUAGE & ENGLISH LOWER SCHOOL,6,287.0,3.0,2.0,0.0,1.0
882,02M407,INSTITUTE FOR COLLABORATIVE EDUCATION,16,320.0,0.0,11.0,2.0,3.0
894,02M408,PROFESSIONAL PERFORMING ARTS HIGH SCHOOL,21,317.0,0.0,12.0,8.0,1.0
906,02M413,SCHOOL OF THE FUTURE HIGH SCHOOL,85,326.0,2.0,32.0,37.0,14.0
919,02M422,QUEST TO LEARN,55,279.0,30.0,24.0,1.0,0.0
937,02M442,"BALLET TECH, NYC PUBLIC SCHOOL FOR DANCE",20,347.0,0.0,5.0,6.0,9.0
949,02M655,LIFE SCIENCES SECONDARY SCHOOL,22,274.0,15.0,7.0,0.0,0.0
962,02M896,LOWER MANHATTAN COMMUNITY MIDDLE SCHOOL,93,319.0,15.0,35.0,22.0,21.0
988,03M054,J.H.S. 054 BOOKER T. WASHINGTON,24,253.0,21.0,2.0,0.0,1.0
1021,03M076,P.S. 076 A. PHILIP RANDOLPH,44,289.0,18.0,20.0,6.0,0.0
1078,03M149,P.S. 149 SOJOURNER TRUTH,25,271.0,19.0,6.0,0.0,0.0
1113,03M165,P.S. 165 ROBERT E. SIMON,74,272.0,49.0,22.0,3.0,0.0
1146,03M180,P.S. 180 HUGO NEWMAN,48,288.0,20.0,20.0,7.0,1.0
1166,03M191,P.S. 191 AMSTERDAM,51,269.0,34.0,15.0,2.0,0.0
1239,03M245,M.S. M245 THE COMPUTER SCHOOL,33,286.0,16.0,16.0,1.0,0.0
1251,03M247,M.S. M247 DUAL LANGUAGE MIDDLE SCHOOL,61,318.0,4.0,31.0,18.0,8.0
1264,03M250,M.S. 250 WEST SIDE COLLABORATIVE MIDDLE SCHOOL,57,303.0,13.0,36.0,6.0,2.0
1276,03M256,M.S. 256 ACADEMIC & ATHLETIC EXCELLENCE,42,269.0,34.0,8.0,0.0,0.0
1288,03M258,COMMUNITY ACTION SCHOOL - MS 258,65,303.0,9.0,48.0,5.0,3.0
1309,03M333,P.S. 333 MANHATTAN SCHOOL FOR CHILDREN,29,302.0,8.0,14.0,5.0,2.0
1337,03M415,WADLEIGH SECONDARY SCHOOL FOR THE PERFORMING & VISUAL ARTS,11,266.0,9.0,2.0,0.0,0.0
1349,03M421,WEST PREP ACADEMY,54,287.0,23.0,23.0,7.0,1.0
1385,03M860,FREDERICK DOUGLASS ACADEMY II SECONDARY SCHOOL,19,268.0,11.0,8.0,0.0,0.0
1397,03M862,MOTT HALL II,53,314.0,4.0,28.0,19.0,2.0
1418,04M007,P.S. 007 SAMUEL STERN,41,312.0,10.0,15.0,9.0,7.0
1447,04M013,J.H.S. 013 JACKIE ROBINSON,31,282.0,14.0,16.0,1.0,0.0
1492,04M050,P.S. 050 VITO MARCANTONIO,50,273.0,34.0,16.0,0.0,0.0
1513,04M057,JAMES WELDON JOHNSON,56,300.0,15.0,24.0,12.0,5.0
1560,04M096,P.S. 096 JOSEPH LANZETTA,42,269.0,30.0,9.0,2.0,1.0
1595,04M108,P.S. 108 ASSEMBLYMAN ANGELO DEL TORO EDUCATIONAL COMPLEX,113,287.0,51.0,55.0,6.0,1.0
1640,04M171,P.S. 171 PATRICK HENRY,85,321.0,13.0,27.0,27.0,18.0
1674,04M206,P.S. 206 JOSE CELSO BARBOSA,40,275.0,27.0,13.0,0.0,0.0
1686,04M224,M.S. 224 MANHATTAN EAST SCHOOL FOR ARTS & ACADEMICS,4,,,,,
1697,04M372,ESPERANZA PREPARATORY ACADEMY,80,277.0,52.0,27.0,1.0,0.0
1721,04M377,RENAISSANCE SCHOOL OF THE ARTS,47,273.0,33.0,12.0,2.0,0.0
1733,04M381,GLOBAL NEIGHBORHOOD SECONDARY SCHOOL,30,273.0,19.0,11.0,0.0,0.0
1745,04M406,GLOBAL TECHNOLOGY PREPARATORY,48,302.0,13.0,24.0,10.0,1.0
1769,04M610,YOUNG WOMEN'S LEADERSHIP SCHOOL,50,308.0,10.0,24.0,14.0,2.0
1781,04M825,ISAAC NEWTON MIDDLE SCHOOL FOR MATH & SCIENCE,92,276.0,58.0,27.0,7.0,0.0
1838,05M046,P.S. 046 ARTHUR TAPPAN,89,280.0,45.0,35.0,8.0,1.0
1871,05M123,P.S. 123 MAHALIA JACKSON,54,265.0,44.0,9.0,0.0,1.0
1904,05M129,P.S. 129 JOHN H. FINLEY,51,271.0,33.0,16.0,1.0,1.0
1955,05M161,P.S. 161 PEDRO ALBIZU CAMPOS,120,278.0,68.0,49.0,2.0,1.0
2015,05M286,I.S. M286 RENAISSANCE LEADERSHIP ACADEMY,58,264.0,47.0,9.0,2.0,0.0
2027,05M302,KAPPA IV,73,258.0,58.0,14.0,1.0,0.0
2058,05M367,ACADEMY FOR SOCIAL ACTION: A COLLEGE BOARD SCHOOL,13,261.0,10.0,3.0,0.0,0.0
2070,05M410,THE URBAN ASSEMBLY INSTITUTE FOR NEW TECHNOLOGIES,18,278.0,10.0,8.0,0.0,0.0
2079,05M469,CHOIR ACADEMY OF HARLEM,25,260.0,20.0,5.0,0.0,0.0
2091,05M499,FREDERICK DOUGLASS ACADEMY,103,279.0,49.0,50.0,4.0,0.0
2102,05M514,NEW DESIGN MIDDLE SCHOOL,100,268.0,65.0,33.0,2.0,0.0
2116,05M670,THURGOOD MARSHALL ACADEMY FOR LEARNING AND SOCIAL CHANGE,56,297.0,20.0,15.0,13.0,8.0
2174,06M018,P.S. 018 PARK TERRACE,48,305.0,12.0,25.0,8.0,3.0
2210,06M052,J.H.S. 052 INWOOD,180,281.0,105.0,59.0,14.0,2.0
2270,06M143,J.H.S. 143 ELEANOR ROOSEVELT,136,279.0,74.0,52.0,7.0,3.0
2332,06M187,P.S./I.S. 187 HUDSON CLIFFS,76,313.0,14.0,27.0,24.0,11.0
2379,06M210,P.S./I.S. 210 - TWENTY-FIRST CENTURY ACADEMY FOR COMMUNITY LEADERSHIP,48,298.0,15.0,23.0,9.0,1.0
2392,06M218,I.S. 218 SALOME URENA,81,280.0,42.0,31.0,6.0,2.0
2404,06M223,THE MOTT HALL SCHOOL,90,336.0,8.0,12.0,34.0,36.0
2425,06M278,PAULA HEDBAVNY SCHOOL,63,323.0,6.0,22.0,25.0,10.0
2437,06M293,CITY COLLEGE ACADEMY OF THE ARTS,53,311.0,7.0,28.0,17.0,1.0
2458,06M311,AMISTAD DUAL LANGUAGE SCHOOL,37,299.0,6.0,27.0,2.0,2.0
2481,06M319,M.S. 319 - MARIA TERESA,190,295.0,54.0,113.0,20.0,3.0
2493,06M322,MIDDLE SCHOOL 322,134,282.0,69.0,47.0,14.0,4.0
2505,06M324,M.S. 324 - PATRIA MIRABAL,68,287.0,33.0,23.0,8.0,4.0
2529,06M326,M.S. 326 - WRITERS TODAY & LEADERS TOMORROW,103,276.0,66.0,30.0,5.0,2.0
2541,06M328,M.S. 328 - MANHATTAN MIDDLE SCHOOL FOR SCIENTIFIC INQUIRY,93,266.0,66.0,25.0,2.0,0.0
2553,06M346,COMMUNITY HEALTH ACADEMY OF THE HEIGHTS,72,285.0,37.0,32.0,3.0,0.0
2565,06M348,WASHINGTON HEIGHTS EXPEDITIONARY LEARNING SCHOOL,94,310.0,12.0,55.0,19.0,8.0
2577,06M349,HARBOR HEIGHTS,71,282.0,37.0,27.0,7.0,0.0
2615,06M528,I.S. 528 BEA FULLER RODGERS SCHOOL,63,281.0,33.0,25.0,5.0,0.0
2645,07X005,PS 5 PORT MORRIS,82,268.0,62.0,20.0,0.0,0.0
2691,07X029,P.S./M.S. 029 MELROSE SCHOOL,52,259.0,39.0,13.0,0.0,0.0
2724,07X031,P.S./M.S. 031 THE WILLIAM LLOYD GARRISON,95,263.0,68.0,20.0,5.0,2.0
2774,07X151,J.H.S. 151 LOU GEHRIG,86,270.0,55.0,25.0,5.0,1.0
2822,07X162,J.H.S. 162 LOLA RODRIGUEZ DE TIO,116,263.0,86.0,27.0,3.0,0.0
2844,07X203,M.S. 203,72,270.0,44.0,25.0,3.0,0.0
2856,07X221,SOUTH BRONX PREPARATORY: A COLLEGE BOARD SCHOOL,86,288.0,36.0,43.0,7.0,0.0
2868,07X223,M.S. 223 THE LABORATORY SCHOOL OF FINANCE AND TECHNOLOGY,85,323.0,9.0,26.0,36.0,14.0
2880,07X224,P.S. / I.S. 224,107,280.0,58.0,42.0,7.0,0.0
2906,07X296,SOUTH BRONX ACADEMY FOR APPLIED MEDIA,103,264.0,78.0,22.0,3.0,0.0
2918,07X298,ACADEMY OF PUBLIC RELATIONS,99,261.0,87.0,11.0,1.0,0.0
2931,07X343,ACADEMY OF APPLIED MATHEMATICS AND TECHNOLOGY,94,291.0,37.0,39.0,14.0,4.0
2968,07X500,HOSTOS-LINCOLN ACADEMY OF SCIENCE,18,224.0,17.0,1.0,0.0,0.0
2980,07X551,THE URBAN ASSEMBLY BRONX ACADEMY OF LETTERS,69,266.0,45.0,21.0,2.0,1.0
3063,08X071,P.S. 071 ROSE E. SCALA,178,316.0,28.0,72.0,47.0,31.0
3125,08X101,M.S. X101 EDWARD R. BYRNE,131,305.0,43.0,42.0,24.0,22.0
3162,08X123,J.H.S. 123 JAMES M. KIERAN,141,264.0,106.0,34.0,1.0,0.0
3175,08X125,J.H.S. 125 HENRY HUDSON,103,273.0,70.0,31.0,2.0,0.0
3199,08X131,J.H.S. 131 ALBERT EINSTEIN,209,280.0,115.0,77.0,13.0,4.0
3272,08X269,BRONX STUDIO SCHOOL FOR WRITERS AND ARTISTS,53,283.0,31.0,17.0,4.0,1.0
3284,08X301,M.S. 301 PAUL L. DUNBAR,73,259.0,66.0,7.0,0.0,0.0
3296,08X302,M.S. 302 LUISA DESSUS CRUZ,187,267.0,139.0,42.0,6.0,0.0
3345,08X337,THE SCHOOL FOR INQUIRY AND SOCIAL JUSTICE,63,293.0,23.0,30.0,10.0,0.0
3357,08X366,URBAN ASSEMBLY ACADEMY OF CIVIC ENGAGEMENT,68,269.0,50.0,17.0,1.0,0.0
3369,08X367,"ARCHIMEDES ACADEMY FOR MATH, SCIENCE AND TECHNOLOGY APPLICATIONS",73,285.0,33.0,32.0,5.0,3.0
3382,08X371,URBAN INSTITUTE OF MATHEMATICS,74,280.0,43.0,26.0,5.0,0.0
3394,08X375,THE BRONX MATHEMATICS PREPARATORY SCHOOL,94,269.0,68.0,26.0,0.0,0.0
3406,08X376,ANTONIA PANTOJA PREPARATORY ACADEMY: A COLLEGE BOARD SCHOOL,49,270.0,38.0,11.0,0.0,0.0
3418,08X424,THE HUNTS POINT SCHOOL,130,269.0,88.0,38.0,2.0,2.0
3430,08X448,SOUNDVIEW ACADEMY FOR CULTURE AND SCHOLARSHIP,82,259.0,70.0,12.0,0.0,0.0
3442,08X467,MOTT HALL COMMUNITY SCHOOL,54,259.0,46.0,8.0,0.0,0.0
3451,08X562,BLUEPRINT MIDDLE SCHOOL,86,271.0,59.0,22.0,4.0,1.0
3472,09X004,P.S./M.S. 004 CROTONA PARK WEST,54,299.0,17.0,24.0,11.0,2.0
3496,09X022,J.H.S. 022 JORDAN L. MOTT,180,256.0,152.0,23.0,5.0,0.0
3668,09X117,I.S. 117 JOSEPH H. WADE,191,262.0,151.0,30.0,9.0,1.0
3694,09X128,MOTT HALL III,102,311.0,17.0,52.0,20.0,13.0
3719,09X145,J.H.S. 145 ARTURO TOSCANINI,142,259.0,112.0,30.0,0.0,0.0
3770,09X215,KAPPA,18,265.0,13.0,5.0,0.0,0.0
3792,09X218,P.S./I.S. 218 RAFAEL HERNANDEZ DUAL LANGUAGE MAGNET SCHOOL,50,283.0,22.0,24.0,4.0,0.0
3804,09X219,I.S. 219 NEW VENTURE SCHOOL,108,254.0,88.0,20.0,0.0,0.0
3816,09X229,I.S. 229 ROLAND PATTERSON,68,273.0,41.0,22.0,3.0,2.0
3838,09X231,EAGLE ACADEMY FOR YOUNG MEN,40,270.0,30.0,10.0,0.0,0.0
3850,09X232,I.S. 232,135,280.0,64.0,67.0,4.0,0.0
3871,09X241,"URBAN ASSEMBLY SCHOOL FOR APPLIED MATH AND SCIENCE, THE",37,289.0,14.0,23.0,0.0,0.0
3887,09X303,I.S. X303 LEADERSHIP & COMMUNITY SERVICE,92,288.0,40.0,34.0,14.0,4.0
3901,09X313,I.S. 313 SCHOOL OF LEADERSHIP DEVELOPMENT,109,280.0,59.0,42.0,8.0,0.0
3913,09X323,BRONX WRITING ACADEMY,137,289.0,53.0,66.0,15.0,3.0
3925,09X324,BRONX EARLY COLLEGE ACADEMY FOR TEACHING & LEARNING,66,279.0,38.0,27.0,0.0,1.0
3938,09X325,URBAN SCIENCE ACADEMY,118,268.0,86.0,28.0,4.0,0.0
3951,09X327,COMPREHENSIVE MODEL SCHOOL PROJECT M.S. 327,120,324.0,11.0,42.0,36.0,31.0
3964,09X328,NEW MILLENNIUM BUSINESS ACADEMY MIDDLE SCHOOL,45,271.0,26.0,18.0,1.0,0.0
3976,09X339,I.S. 339,190,275.0,117.0,66.0,6.0,1.0
3984,09X350,NEW DIRECTIONS SECONDARY SCHOOL,27,272.0,18.0,9.0,0.0,0.0
4000,09X413,BRONX HIGH SCHOOL FOR MEDICAL SCIENCE,51,290.0,25.0,16.0,6.0,4.0
4035,09X454,SCIENCE AND TECHNOLOGY ACADEMY: A MOTT HALL SCHOOL,145,305.0,37.0,67.0,30.0,11.0
4059,09X505,"BRONX SCHOOL FOR LAW, GOVERNMENT AND JUSTICE",85,321.0,9.0,30.0,25.0,21.0
4071,09X568,YOUNG WOMEN'S LEADERSHIP SCHOOL OF THE BRONX,72,312.0,9.0,40.0,18.0,5.0
4092,10X003,P.S. 3 RAUL JULIA MICRO SOCIETY,3,,,,,
4150,10X015,P.S. X015 INSTITUTE FOR ENVIRONMENTAL LEARNING,63,303.0,19.0,27.0,11.0,6.0
4171,10X020,"PS/MS 20 P.O.GEORGE J. WERDANN, III",63,301.0,20.0,26.0,12.0,5.0
4240,10X037,P.S. X037 - MULTIPLE INTELLIGENCE SCHOOL,78,288.0,37.0,30.0,9.0,2.0
4252,10X045,THOMAS C. GIORDANO MIDDLE SCHOOL 45,169,267.0,119.0,48.0,2.0,0.0
4324,10X080,J.H.S. 080 THE MOSHOLU PARKWAY,228,265.0,166.0,56.0,6.0,0.0
4408,10X095,P.S. 095 SHEILA MENCHER,94,281.0,51.0,39.0,4.0,0.0
4420,10X118,J.H.S. 118 WILLIAM W. NILES,384,297.0,144.0,128.0,65.0,47.0
4433,10X141,RIVERDALE / KINGSBRIDGE ACADEMY (MIDDLE SCHOOL / HIGH SCHOOL 141),139,299.0,41.0,62.0,24.0,12.0
4471,10X206,I.S. 206 ANN MERSEREAU,83,277.0,44.0,36.0,3.0,0.0
4483,10X225,THEATRE ARTS PRODUCTION COMPANY SCHOOL,67,300.0,15.0,40.0,10.0,2.0
4505,10X228,JONAS BRONCK ACADEMY,83,316.0,8.0,41.0,25.0,9.0
4517,10X243,WEST BRONX ACADEMY FOR THE FUTURE,56,286.0,24.0,30.0,2.0,0.0
4529,10X244,THE NEW SCHOOL FOR LEADERSHIP AND JOURNALISM,227,294.0,73.0,134.0,19.0,1.0
4551,10X254,I.S. 254,158,286.0,76.0,64.0,16.0,2.0
4572,10X279,"P.S. 279 CAPTAIN MANUEL RIVERA, JR.",135,292.0,50.0,66.0,15.0,4.0
4593,10X280,P.S./M.S. 280 MOSHOLU PARKWAY,81,305.0,21.0,33.0,22.0,5.0
4623,14K582,M.S. 582,54,274.0,40.0,14.0,0.0,0.0
4641,10X308,BRONX DANCE ACADEMY SCHOOL,65,317.0,10.0,23.0,27.0,5.0
4675,10X315,P.S. 315 LAB SCHOOL,35,309.0,11.0,6.0,14.0,4.0
4687,10X331,THE BRONX SCHOOL OF YOUNG LEADERS,120,282.0,59.0,52.0,7.0,2.0
4713,10X342,INTERNATIONAL SCHOOL FOR LIBERAL ARTS,51,284.0,28.0,20.0,2.0,1.0
4751,10X363,ACADEMY FOR PERSONAL LEADERSHIP AND EXCELLENCE,105,278.0,60.0,42.0,3.0,0.0
4764,10X368,IN-TECH ACADEMY (M.S. / HIGH SCHOOL 368),119,273.0,76.0,41.0,2.0,0.0
4797,10X390,M.S. 390,101,274.0,60.0,33.0,8.0,0.0
4809,10X391,THE ANGELO PATRI MIDDLE SCHOOL,175,261.0,143.0,28.0,4.0,0.0
4833,10X447,CRESTON ACADEMY,146,296.0,58.0,51.0,24.0,13.0
4845,10X459,EAST FORDHAM ACADEMY FOR THE ARTS,109,260.0,90.0,19.0,0.0,0.0
4878,11X019,P.S. 019 JUDITH K. WEISS,53,315.0,12.0,16.0,11.0,14.0
4961,11X083,P.S. 083 DONALD HERTZ,200,308.0,46.0,91.0,37.0,26.0
4994,11X089,P.S. 089 BRONX,120,274.0,84.0,32.0,4.0,0.0
5115,11X127,J.H.S. 127 THE CASTLE HILL,195,282.0,109.0,72.0,10.0,4.0
5125,11X142,MS 142 JOHN PHILIP SOUSA,108,268.0,78.0,27.0,3.0,0.0
5137,11X144,J.H.S. 144 MICHELANGELO,165,270.0,122.0,41.0,2.0,0.0
5193,11X175,P.S. 175 CITY ISLAND,45,311.0,8.0,23.0,10.0,4.0
5217,11X180,M.S. 180 DR. DANIEL HALE WILLIAMS,284,302.0,81.0,124.0,64.0,15.0
5230,11X181,I.S. 181 PABLO CASALS,297,301.0,114.0,87.0,56.0,40.0
5263,11X194,PS/MS 194,153,307.0,40.0,60.0,32.0,21.0
5275,11X272,GLOBE SCHOOL FOR ENVIRONMENTAL RESEARCH,91,273.0,61.0,28.0,0.0,2.0
5287,11X287,THE FORWARD SCHOOL,73,264.0,56.0,16.0,0.0,1.0
5300,11X289,THE YOUNG SCHOLARS ACADEMY OF THE BRONX,111,269.0,77.0,29.0,4.0,1.0
5312,11X326,BRONX GREEN MIDDLE SCHOOL,95,267.0,72.0,23.0,0.0,0.0
5330,11X370,SCHOOL OF DIPLOMACY,81,281.0,40.0,36.0,5.0,0.0
5342,11X462,CORNERSTONE ACADEMY FOR SOCIAL ACTION MIDDLE SCHOOL (CASA),81,283.0,51.0,18.0,11.0,1.0
5354,11X468,PELHAM ACADEMY OF ACADEMICS AND COMMUNITY ENGAGEMENT,92,287.0,41.0,39.0,10.0,2.0
5374,11X498,PS/MS 11X498 - VAN NEST ACADEMY,79,295.0,30.0,35.0,10.0,4.0
5385,11X529,ONE WORLD MIDDLE SCHOOL AT EDENWALD,121,286.0,54.0,54.0,12.0,1.0
5395,11X532,BAYCHESTER MIDDLE SCHOOL,109,283.0,51.0,46.0,10.0,2.0
5404,11X556,BRONX PARK MIDDLE SCHOOL,130,280.0,75.0,47.0,7.0,1.0
5413,11X566,PELHAM GARDENS MIDDLE SCHOOL,148,287.0,60.0,70.0,15.0,3.0
5532,12X098,J.H.S. 098 HERMAN RIDDER,101,283.0,43.0,48.0,8.0,2.0
5544,12X129,M.S. 129 ACADEMY FOR INDEPENDENT LEARNING AND LEADERSHIP,145,279.0,82.0,54.0,8.0,1.0
5580,12X190,E.S.M.T- I.S. 190,80,288.0,40.0,28.0,11.0,1.0
5624,12X211,P.S. 211,76,303.0,22.0,27.0,18.0,9.0
5639,12X212,P.S. 212,62,300.0,14.0,37.0,10.0,1.0
5660,12X214,P.S. 214,118,271.0,78.0,36.0,4.0,0.0
5672,12X217,SCHOOL OF PERFORMING ARTS,111,268.0,74.0,31.0,5.0,1.0
5684,12X242,MOTT HALL V,99,284.0,50.0,34.0,9.0,6.0
5696,12X267,BRONX LATIN,45,277.0,27.0,17.0,1.0,0.0
5708,12X271,EAST BRONX ACADEMY FOR THE FUTURE,79,288.0,33.0,41.0,2.0,3.0
5720,12X273,FREDERICK DOUGLASS ACADEMY V. MIDDLE SCHOOL,76,277.0,46.0,27.0,3.0,0.0
5733,12X286,FANNIE LOU HAMER MIDDLE SCHOOL,79,286.0,38.0,31.0,7.0,3.0
5759,12X316,KAPPA III,102,296.0,40.0,44.0,10.0,8.0
5771,12X318,"I.S. X318 MATH, SCIENCE & TECHNOLOGY THROUGH ARTS",102,288.0,42.0,45.0,9.0,6.0
5783,12X341,ACCION ACADEMY,38,281.0,21.0,13.0,4.0,0.0
5795,12X372,URBAN ASSEMBLY SCHOOL FOR WILDLIFE CONSERVATION,63,297.0,20.0,29.0,11.0,3.0
5807,12X383,EMOLIOR ACADEMY,75,295.0,34.0,20.0,14.0,7.0
5819,12X384,ENTRADA ACADEMY,91,271.0,61.0,24.0,5.0,1.0
5891,13K008,P.S. 008 ROBERT FULTON,30,306.0,8.0,12.0,7.0,3.0
6012,13K113,M.S. 113 RONALD EDMONDS LEARNING CENTER,135,263.0,108.0,27.0,0.0,0.0
6050,13K265,DR. SUSAN S. MCKINNEY SECONDARY SCHOOL OF THE ARTS,31,278.0,19.0,10.0,2.0,0.0
6063,13K266,M.S. K266 - PARK PLACE COMMUNITY MIDDLE SCHOOL,42,284.0,22.0,18.0,1.0,1.0
6097,13K282,P.S. 282 PARK SLOPE,65,277.0,41.0,22.0,2.0,0.0
6122,13K301,SATELLITE EAST MIDDLE SCHOOL,45,250.0,41.0,3.0,1.0,0.0
6159,13K313,SATELLITE WEST MIDDLE SCHOOL,37,279.0,21.0,12.0,4.0,0.0
6168,13K351,THE URBAN ASSEMBLY UNISON SCHOOL,76,272.0,54.0,20.0,1.0,1.0
6183,13K492,ACADEMY OF ARTS AND LETTERS,8,295.0,4.0,1.0,3.0,0.0
6195,13K527,URBAN ASSEMBLY INSTITUTE OF MATH AND SCIENCE FOR YOUNG WOMEN,47,298.0,12.0,30.0,3.0,2.0
6208,13K596,MS 596 PEACE ACADEMY,17,280.0,8.0,7.0,2.0,0.0
6220,13K691,FORT GREENE PREPARATORY ACADEMY,74,279.0,45.0,22.0,6.0,1.0
6315,14K050,J.H.S. 050 JOHN D. WELLS,87,277.0,49.0,35.0,3.0,0.0
6339,14K071,JUAN MOREL CAMPOS SECONDARY SCHOOL,75,263.0,59.0,15.0,1.0,0.0
6387,14K126,JOHN ERICSSON MIDDLE SCHOOL 126,75,283.0,41.0,25.0,8.0,1.0
6431,14K157,P.S./I.S. 157 THE BENJAMIN FRANKLIN HEALTH & SCIENCE ACADEMY,55,286.0,23.0,25.0,6.0,1.0
6491,14K318,I.S. 318 EUGENIO MARIA DE HOSTOS,328,289.0,116.0,184.0,27.0,1.0
6503,14K330,THE SCHOOL FOR THE URBAN ENVIRONMENT,14,275.0,10.0,3.0,1.0,0.0
6533,14K577,CONSELYEA PREPARATORY SCHOOL,85,278.0,49.0,34.0,2.0,0.0
6556,14K586,LYONS COMMUNITY SCHOOL,64,266.0,48.0,16.0,0.0,0.0
6569,14K614,YOUNG WOMEN'S LEADERSHIP SCHOOL OF BROOKLYN,40,296.0,12.0,22.0,4.0,2.0
6677,15K051,M.S. 51 WILLIAM ALEXANDER,179,316.0,23.0,68.0,72.0,16.0
6701,15K088,J.H.S. 088 PETER ROUGET,245,298.0,69.0,139.0,31.0,6.0
6774,15K136,I.S. 136 CHARLES O. DEWEY,145,279.0,90.0,45.0,7.0,3.0
6880,15K429,BROOKLYN SCHOOL FOR GLOBAL STUDIES,28,277.0,19.0,7.0,2.0,0.0
6892,15K442,M.S. 442 CARROLL GARDENS SCHOOL FOR INNOVATION,36,268.0,27.0,9.0,0.0,0.0
6905,15K443,NEW VOICES SCHOOL OF ACADEMIC & CREATIVE ARTS,86,300.0,13.0,59.0,13.0,1.0
6917,15K447,THE MATH & SCIENCE EXPLORATORY SCHOOL,67,323.0,4.0,25.0,28.0,10.0
6929,15K448,BROOKLYN SECONDARY SCHOOL FOR COLLABORATIVE STUDIES,19,273.0,11.0,8.0,0.0,0.0
6941,15K464,PARK SLOPE COLLEGIATE,22,283.0,10.0,10.0,1.0,1.0
6953,15K497,SCHOOL FOR INTERNATIONAL STUDIES,42,274.0,23.0,17.0,2.0,0.0
6977,15K821,SUNSET PARK PREP,92,278.0,43.0,47.0,2.0,0.0
7047,16K035,M.S. 035 STEPHEN DECATUR,37,283.0,20.0,14.0,3.0,0.0
7071,16K057,J.H.S. 057 WHITELAW REID,57,281.0,34.0,16.0,6.0,1.0
7116,16K262,P.S. 262 EL HAJJ MALIK EL SHABAZZ ELEMENTARY SCHOOL,40,295.0,17.0,14.0,6.0,3.0
7128,16K267,"M.S. 267 MATH, SCIENCE & TECHNOLOGY",74,290.0,36.0,19.0,15.0,4.0
7149,16K308,P.S. 308 CLARA CARDWELL,58,292.0,23.0,26.0,5.0,4.0
7185,16K385,"SCHOOL OF BUSINESS, FINANCE AND ENTREPRENEURSHIP",26,278.0,14.0,11.0,0.0,1.0
7198,16K534,UPPER SCHOOL @ P.S. 25,33,288.0,19.0,11.0,3.0,0.0
7210,16K584,M.S. 584,26,274.0,15.0,9.0,1.0,1.0
7255,16K681,MADIBA PREP MIDDLE SCHOOL,71,265.0,51.0,19.0,1.0,0.0
7267,17K002,PARKSIDE PREPARATORY ACADEMY,134,298.0,49.0,58.0,19.0,8.0
7302,17K061,M.S. 061 DR. GLADSTONE H. ATWELL,259,291.0,114.0,111.0,28.0,6.0
7347,17K138,P.S. 138 BROOKLYN,79,304.0,26.0,28.0,13.0,12.0
7394,17K181,P.S. 181 BROOKLYN,79,278.0,47.0,27.0,5.0,0.0
7415,17K189,P.S. 189 THE BILINGUAL CENTER,124,318.0,12.0,59.0,33.0,20.0
7463,17K246,M.S. 246 WALT WHITMAN,195,270.0,131.0,48.0,14.0,2.0
7510,17K334,MIDDLE SCHOOL FOR ACADEMIC AND SOCIAL EXCELLENCE,57,263.0,43.0,13.0,1.0,0.0
7522,17K340,I.S. 340,66,305.0,17.0,30.0,16.0,3.0
7534,17K352,EBBETS FIELD MIDDLE SCHOOL,54,262.0,45.0,9.0,0.0,0.0
7546,17K353,ELIJAH STROUD MIDDLE SCHOOL,85,279.0,50.0,31.0,4.0,0.0
7558,17K354,THE SCHOOL OF INTEGRATED LEARNING,80,294.0,34.0,22.0,11.0,13.0
7583,17K382,ACADEMY FOR COLLEGE PREPARATION AND CAREER EXPLORATION: A COLLEGE BOARD SCHOOL,50,289.0,25.0,12.0,13.0,0.0
7604,17K394,M.S. K394,77,291.0,34.0,35.0,6.0,2.0
7654,17K484,RONALD EDMONDS LEARNING CENTER II,36,284.0,21.0,12.0,3.0,0.0
7666,17K531,"SCHOOL FOR HUMAN RIGHTS, THE",41,278.0,22.0,19.0,0.0,0.0
7680,17K533,SCHOOL FOR DEMOCRACY AND LEADERSHIP,19,279.0,9.0,9.0,1.0,0.0
7691,17K543,"SCIENCE, TECHNOLOGY AND RESEARCH EARLY COLLEGE HIGH SCHOOL AT ERASMUS",49,313.0,4.0,31.0,14.0,0.0
7718,17K722,NEW HEIGHTS MIDDLE SCHOOL,118,263.0,92.0,26.0,0.0,0.0
7748,18K066,P.S. 66,98,308.0,17.0,54.0,22.0,5.0
7759,18K068,I.S. 068 ISAAC BILDERSEE,212,288.0,89.0,107.0,16.0,0.0
7819,18K211,I.S. 211 JOHN WILSON,200,288.0,84.0,89.0,27.0,0.0
7865,18K235,P.S. 235 LENOX SCHOOL,53,336.0,2.0,9.0,22.0,20.0
7938,18K285,I.S. 285 MEYER LEVIN,248,294.0,95.0,108.0,32.0,13.0
7950,18K366,THE SCIENCE AND MEDICINE MIDDLE SCHOOL,126,293.0,57.0,26.0,32.0,11.0
7962,18K581,EAST FLATBUSH COMMUNITY RESEARCH SCHOOL,62,280.0,32.0,24.0,5.0,1.0
7974,18K588,MIDDLE SCHOOL FOR ART AND PHILOSOPHY,100,283.0,55.0,41.0,4.0,0.0
7986,18K598,MIDDLE SCHOOL OF MARKETING AND LEGAL STUDIES,92,275.0,56.0,30.0,5.0,1.0
8045,19K089,P.S. 089 CYPRESS HILLS,61,296.0,15.0,37.0,8.0,1.0
8102,19K166,J.H.S. 166 GEORGE GERSHWIN,86,270.0,61.0,24.0,1.0,0.0
8115,19K171,I.S. 171 ABRAHAM LINCOLN,249,287.0,124.0,84.0,30.0,11.0
8132,19K174,P.S. 174 DUMONT,38,288.0,18.0,13.0,6.0,1.0
8163,19K202,P.S. 202 ERNEST S. JENKYNS,62,284.0,33.0,21.0,8.0,0.0
8199,19K218,J.H.S. 218 JAMES P. SINNOTT,105,269.0,76.0,27.0,2.0,0.0
8248,19K292,J.H.S. 292 MARGARET S. DOUGLAS,185,264.0,144.0,35.0,5.0,1.0
8257,19K302,J.H.S. 302 RAFAEL CORDERO,249,275.0,152.0,79.0,18.0,0.0
8278,19K306,P.S. 306 ETHAN ALLEN,64,259.0,52.0,11.0,1.0,0.0
8290,19K311,ESSENCE SCHOOL,42,272.0,29.0,12.0,1.0,0.0
8351,19K364,I.S. 364 GATEWAY,78,281.0,45.0,25.0,5.0,3.0
8368,19K409,EAST NEW YORK FAMILY ACADEMY,63,317.0,10.0,24.0,19.0,10.0
8377,19K422,SPRING CREEK COMMUNITY SCHOOL,73,283.0,34.0,29.0,9.0,1.0
8389,19K452,FREDERICK DOUGLASS ACADEMY VIII MIDDLE SCHOOL,25,271.0,15.0,9.0,1.0,0.0
8435,19K678,EAST NEW YORK MIDDLE SCHOOL OF EXCELLENCE,52,272.0,38.0,13.0,1.0,0.0
8449,20K030,PS/IS 30 MARY WHITE OVINGTON,117,319.0,18.0,50.0,25.0,24.0
8474,20K062,J.H.S. 062 DITMAS,404,299.0,129.0,177.0,67.0,31.0
8519,20K104,P.S./I.S. 104 THE FORT HAMILTON SCHOOL,153,313.0,25.0,72.0,28.0,28.0
8589,20K163,P.S. 163 BATH BEACH,65,331.0,6.0,22.0,12.0,25.0
8658,20K180,THE SEEALL ACADEMY,102,323.0,7.0,39.0,41.0,15.0
8694,20K187,THE CHRISTA MCAULIFFE SCHOOL\I.S. 187,129,362.0,1.0,1.0,21.0,106.0
8716,20K192,P.S. 192 - THE MAGNET SCHOOL FOR MATH AND SCIENCE INQUIRY,44,305.0,13.0,14.0,14.0,3.0
8740,20K201,J.H.S. 201 THE DYKER HEIGHTS,265,315.0,43.0,105.0,77.0,40.0
8774,20K220,J.H.S. 220 JOHN J. PERSHING,438,318.0,81.0,161.0,91.0,105.0
8786,20K223,J.H.S. 223 THE MONTAUK,269,321.0,51.0,76.0,75.0,67.0
8798,20K227,J.H.S. 227 EDWARD B. SHALLOW,438,315.0,101.0,138.0,116.0,83.0
8819,20K229,P.S. 229 DYKER,62,309.0,14.0,28.0,14.0,6.0
8843,20K259,J.H.S. 259 WILLIAM MCKINLEY,433,329.0,45.0,135.0,120.0,133.0
8888,21K099,P.S. 099 ISAAC ASIMOV,58,286.0,23.0,26.0,9.0,0.0
8894,20K609,URBAN ASSEMBLY SCHOOL FOR CRIMINAL JUSTICE,33,289.0,15.0,11.0,7.0,0.0
8965,21K095,P.S. 095 THE GRAVESEND,44,301.0,8.0,31.0,2.0,3.0
8977,21K096,I.S. 096 SETH LOW,234,305.0,75.0,75.0,52.0,32.0
9001,21K098,I.S. 98 BAY ACADEMY,438,352.0,0.0,60.0,136.0,242.0
9067,21K121,P.S. 121 NELSON A. ROCKEFELLER,33,329.0,3.0,11.0,7.0,12.0
9122,22K109,P.S. 109,84,293.0,33.0,37.0,11.0,3.0
9149,21K209,P.S. 209 MARGARET MEAD,45,290.0,14.0,26.0,5.0,0.0
9207,21K225,P.S. K225 - THE EILEEN E. ZAGLIN,135,298.0,52.0,47.0,24.0,12.0
9229,21K226,P.S. 226 ALFRED DE B.MASON,51,307.0,10.0,27.0,13.0,1.0
9242,21K228,I.S. 228 DAVID A. BOODY,315,308.0,85.0,111.0,64.0,55.0
9263,21K238,P.S. 238 ANNE SULLIVAN,30,261.0,27.0,3.0,0.0,0.0
9275,21K239,MARK TWAIN I.S. 239 FOR THE GIFTED & TALENTED,154,322.0,11.0,67.0,52.0,24.0
9299,21K281,I.S. 281 JOSEPH B CAVALLARO,404,321.0,60.0,148.0,104.0,92.0
9320,21K288,P.S. 288 THE SHIRLEY TANYHILL,25,281.0,13.0,9.0,3.0,0.0
9332,21K303,I.S. 303 HERBERT S. EISENBERG,142,284.0,77.0,55.0,8.0,2.0
9356,21K468,KINGSBOROUGH EARLY COLLEGE SCHOOL,40,300.0,5.0,32.0,3.0,0.0
9368,21K690,BROOKLYN STUDIO SECONDARY SCHOOL,66,302.0,15.0,36.0,14.0,1.0
9380,22K014,J.H.S. 014 SHELL BANK,170,295.0,66.0,67.0,21.0,16.0
9404,22K078,J.H.S. 078 ROY H. MANN,299,280.0,160.0,105.0,29.0,5.0
9565,22K206,P.S. 206 JOSEPH F LAMB,67,323.0,2.0,31.0,26.0,8.0
9586,22K207,P.S. 207 ELIZABETH G. LEARY,84,297.0,22.0,48.0,11.0,3.0
9622,22K234,J.H.S. 234 ARTHUR W. CUNNINGHAM,600,331.0,53.0,194.0,151.0,202.0
9646,22K240,ANDRIES HUDDE,308,306.0,82.0,127.0,55.0,44.0
9732,22K278,J.H.S. 278 MARINE PARK,330,306.0,75.0,158.0,72.0,25.0
9766,22K381,I. S. 381,108,295.0,47.0,37.0,16.0,8.0
9787,23K041,P.S. 041 FRANCIS WHITE,43,285.0,24.0,13.0,4.0,2.0
9804,23K073,P.S. 073 THOMAS S. BOYLAND,22,292.0,9.0,10.0,2.0,1.0
9825,23K137,P.S./I.S. 137 RACHEL JEAN MITCHELL,28,275.0,16.0,11.0,1.0,0.0
9858,23K155,P.S./ I.S. 155 NICHOLAS HERKIMER,57,288.0,24.0,26.0,5.0,2.0
9891,23K165,P.S. 165 IDA POSNER,47,258.0,41.0,4.0,1.0,1.0
9912,23K178,P.S. 178 SAINT CLAIR MCKELWAY,39,279.0,24.0,14.0,0.0,1.0
9933,23K184,P.S. 184 NEWPORT,44,292.0,20.0,19.0,5.0,0.0
9955,23K284,P.S. 284 LEW WALLACE,53,278.0,32.0,13.0,7.0,1.0
9991,23K323,P.S./I.S. 323,51,286.0,23.0,20.0,5.0,3.0
10012,23K327,P.S. 327 DR. ROSE B. ENGLISH,57,259.0,49.0,8.0,0.0,0.0
10021,23K363,BROWNSVILLE COLLABORATIVE MIDDLE SCHOOL,58,276.0,35.0,18.0,4.0,1.0
10031,23K392,I.S. 392,76,302.0,10.0,56.0,10.0,0.0
10057,23K518,KAPPA V,55,279.0,33.0,22.0,0.0,0.0
10069,23K522,MOTT HALL IV,42,277.0,25.0,17.0,0.0,0.0
10090,23K634,GENERAL D. CHAPPIE JAMES MIDDLE SCHOOL OF SCIENCE,23,253.0,18.0,5.0,0.0,0.0
10102,23K644,EAGLE ACADEMY FOR YOUNG MEN II,73,286.0,35.0,27.0,11.0,0.0
10125,23K671,MOTT HALL BRIDGES ACADEMY,57,293.0,17.0,35.0,3.0,2.0
10138,23K697,TEACHERS PREPARATORY HIGH SCHOOL,27,296.0,11.0,8.0,7.0,1.0
10150,24Q005,I.S. 5 - THE WALTER CROWLEY INTERMEDIATE SCHOOL,510,311.0,90.0,209.0,156.0,55.0
10237,24Q049,P.S. 049 DOROTHY BONAWIT KOLE,90,314.0,11.0,42.0,27.0,10.0
10264,24Q061,I.S. 061 LEONARDO DA VINCI,768,295.0,295.0,318.0,102.0,53.0
10301,24Q073,I.S. 73 - THE FRANK SANSIVIERI INTERMEDIATE SCHOOL,663,312.0,126.0,289.0,147.0,101.0
10313,24Q077,I.S. 077,319,281.0,165.0,132.0,18.0,4.0
10346,24Q087,P.S. / I.S. 087 MIDDLE VILLAGE,45,299.0,11.0,27.0,5.0,2.0
10393,24Q093,I.S. 093 RIDGEWOOD,304,294.0,97.0,174.0,28.0,5.0
10414,24Q102,P.S. 102 BAYVIEW,117,330.0,6.0,41.0,38.0,32.0
10436,24Q113,P.S./I.S. 113 ANTHONY J. PRANZO,96,322.0,9.0,38.0,32.0,17.0
10449,24Q119,I.S. 119 THE GLENDALE,86,275.0,56.0,29.0,1.0,0.0
10463,24Q125,I.S. 125 THOM J. MCCANN WOODSIDE,385,312.0,67.0,175.0,95.0,48.0
10485,24Q128,"P.S. 128 THE LORRAINE TUZZO, JUNIPER VALLEY ELEMENTARY SCHOOL",46,312.0,4.0,26.0,15.0,1.0
10589,24Q560,"ROBERT F. WAGNER, JR. SECONDARY SCHOOL FOR ARTS AND TECHNOLOGY",53,321.0,4.0,23.0,21.0,5.0
10658,25Q025,I.S. 025 ADRIEN BLOCK,271,333.0,18.0,90.0,72.0,91.0
10782,25Q164,P.S. 164 QUEENS VALLEY,43,312.0,7.0,21.0,13.0,2.0
10830,25Q185,J.H.S. 185 EDWARD BLEEKER,422,323.0,62.0,135.0,124.0,101.0
10842,25Q189,J.H.S. 189 DANIEL CARTER BEARD,159,295.0,55.0,70.0,23.0,11.0
10866,25Q194,J.H.S. 194 WILLIAM CARR,325,315.0,82.0,102.0,60.0,81.0
10887,25Q200,PS/MS 200 - THE POMONOK SCHOOL & STAR ACADEMY,50,304.0,13.0,22.0,11.0,4.0
10946,25Q219,P.S. 219 PAUL KLAPPER,6,275.0,4.0,2.0,0.0,0.0
10958,25Q237,I.S. 237,372,326.0,40.0,120.0,117.0,95.0
10983,25Q250,I.S. 250 THE ROBERT F. KENNEDY COMMUNITY MIDDLE SCHOOL,124,299.0,42.0,54.0,17.0,11.0
10995,25Q252,"QUEENS SCHOOL OF INQUIRY, THE",58,293.0,19.0,33.0,5.0,1.0
11006,25Q281,EAST-WEST SCHOOL OF INTERNATIONAL STUDIES,23,301.0,7.0,12.0,3.0,1.0
11030,25Q294,BELL ACADEMY,62,283.0,32.0,27.0,3.0,0.0
11051,25Q499,"THE QUEENS COLLEGE SCHOOL FOR MATH, SCIENCE AND TECHNOLOGY",53,336.0,3.0,14.0,15.0,21.0
11135,26Q074,J.H.S. 074 NATHANIEL HAWTHORNE,178,321.0,14.0,69.0,66.0,29.0
11196,26Q158,M.S. 158 MARIE CURIE,196,321.0,20.0,83.0,53.0,40.0
11231,26Q172,IRWIN ALTMAN MIDDLE SCHOOL 172,174,301.0,45.0,94.0,29.0,6.0
11264,26Q178,P.S./ IS 178 HOLLISWOOD,1,,,,,
11348,26Q216,J.H.S. 216 GEORGE J. RYAN,316,324.0,20.0,126.0,112.0,58.0
11381,26Q266,P.S. / I.S. 266,94,333.0,5.0,28.0,30.0,31.0
11402,27Q042,P.S./M.S 042 R. VERNAM,6,245.0,5.0,1.0,0.0,0.0
11423,27Q043,P.S. 043,56,274.0,38.0,15.0,3.0,0.0
11458,27Q047,P.S. 047 CHRIS GALAS,10,330.0,0.0,5.0,2.0,3.0
11470,27Q053,M.S. 053 BRIAN PICCOLO,130,264.0,93.0,33.0,4.0,0.0
11636,27Q105,P.S. 105 THE BAY SCHOOL,62,271.0,43.0,18.0,1.0,0.0
11682,27Q114,P.S. / M.S. 114 BELLE HARBOR,32,301.0,12.0,12.0,5.0,3.0
11715,27Q124,P.S. 124 OSMOND A CHURCH,106,302.0,24.0,60.0,20.0,2.0
11728,27Q137,M.S. 137 AMERICA'S SCHOOL OF HEROES,463,292.0,168.0,238.0,55.0,2.0
11749,27Q146,P.S. 146 HOWARD BEACH,52,303.0,14.0,19.0,16.0,3.0
11782,27Q183,P.S. 183 DR. RICHARD R. GREEN,51,279.0,28.0,19.0,4.0,0.0
11806,27Q202,J.H.S. 202 ROBERT H. GODDARD,271,287.0,117.0,128.0,24.0,2.0
11826,27Q207,P.S. 207 ROCKWOOD PARK,71,315.0,15.0,26.0,17.0,13.0
11838,27Q210,J.H.S. 210 ELIZABETH BLACKWELL,486,292.0,198.0,204.0,61.0,23.0
11872,27Q226,J.H.S. 226 VIRGIL I. GRISSOM,440,289.0,190.0,177.0,60.0,13.0
11893,27Q232,P.S. 232 LINDENWOOD,43,297.0,11.0,29.0,3.0,0.0
11929,27Q262,CHANNEL VIEW SCHOOL FOR RESEARCH,64,310.0,7.0,37.0,17.0,3.0
11974,27Q309,ACADEMY OF MEDICAL TECHNOLOGY: A COLLEGE BOARD SCHOOL,43,269.0,36.0,7.0,0.0,0.0
11998,27Q318,WATERSIDE SCHOOL FOR LEADERSHIP,53,286.0,28.0,17.0,7.0,1.0
12009,27Q319,VILLAGE ACADEMY,91,273.0,57.0,31.0,3.0,0.0
12020,27Q323,SCHOLARS' ACADEMY,7,305.0,1.0,6.0,0.0,0.0
12041,27Q333,GOLDIE MAPLE ACADEMY,16,310.0,3.0,7.0,6.0,0.0
12058,28Q008,J.H.S. 008 RICHARD S. GROSSLEY,184,282.0,92.0,83.0,8.0,1.0
12132,28Q072,CATHERINE & COUNT BASIE MIDDLE SCHOOL 72,283,283.0,159.0,87.0,26.0,11.0
12273,28Q157,J.H.S. 157 STEPHEN A. HALSEY,271,304.0,75.0,108.0,64.0,24.0
12310,28Q167,METROPOLITAN EXPEDITIONARY LEARNING SCHOOL,56,288.0,23.0,28.0,4.0,1.0
12357,28Q190,J.H.S. 190 RUSSELL SAGE,349,319.0,77.0,95.0,82.0,95.0
12393,28Q217,J.H.S. 217 ROBERT A. VAN WYCK,63,253.0,53.0,9.0,1.0,0.0
12417,28Q284,YORK EARLY COLLEGE ACADEMY,29,285.0,14.0,14.0,1.0,0.0
12440,28Q310,QUEENS COLLEGIATE: A COLLEGE BOARD SCHOOL,46,266.0,33.0,13.0,0.0,0.0
12460,28Q680,QUEENS GATEWAY TO HEALTH SCIENCES SECONDARY SCHOOL,93,334.0,2.0,31.0,33.0,27.0
12472,28Q896,"YOUNG WOMEN'S LEADERSHIP SCHOOL, QUEENS",68,319.0,9.0,25.0,20.0,14.0
12578,29Q059,I.S. 059 SPRINGFIELD GARDENS,167,292.0,72.0,62.0,25.0,8.0
12602,29Q109,JEAN NUZZI INTERMEDIATE SCHOOL,298,283.0,159.0,108.0,26.0,5.0
12624,29Q116,PS/IS 116 WILLIAM C. HUGHLEY,41,286.0,18.0,16.0,6.0,1.0
12716,29Q138,P.S./ M.S.138 SUNRISE,41,264.0,33.0,8.0,0.0,0.0
12737,29Q147,PS/MS 147 RONALD MCNAIR,83,294.0,34.0,36.0,11.0,2.0
12755,29Q156,P.S. 156 LAURELTON,67,289.0,32.0,28.0,4.0,3.0
12791,29Q192,I.S. 192 THE LINDEN,165,285.0,80.0,72.0,12.0,1.0
12824,29Q208,P.S. / I.S. 208,82,319.0,11.0,32.0,21.0,18.0
12836,29Q238,I.S. 238 - SUSAN B. ANTHONY ACADEMY,495,280.0,274.0,191.0,26.0,4.0
12854,29Q259,PATHWAYS COLLEGE PREPARATORY SCHOOL: A COLLEGE BOARD SCHOOL,78,286.0,37.0,31.0,10.0,0.0
12875,29Q268,PS/IS 268,44,306.0,13.0,17.0,9.0,5.0
12896,29Q270,THE GORDON PARKS SCHOOL,59,291.0,23.0,28.0,7.0,1.0
12908,29Q283,PREPARATORY ACADEMY FOR WRITERS: A COLLEGE BOARD SCHOOL,52,313.0,11.0,19.0,16.0,6.0
12934,29Q295,P.S./I.S. 295,55,326.0,4.0,19.0,23.0,9.0
12946,29Q327,EAGLE ACADEMY FOR YOUNG MEN III,88,286.0,40.0,38.0,7.0,3.0
12957,29Q355,COLLABORATIVE ARTS MIDDLE SCHOOL,153,282.0,97.0,46.0,6.0,4.0
12968,29Q356,COMMUNITY VOICES MIDDLE SCHOOL,156,275.0,101.0,43.0,10.0,2.0
12992,30Q010,I.S. 010 HORACE GREELEY,312,314.0,63.0,125.0,69.0,55.0
13091,30Q084,P.S. 084 STEINWAY,16,307.0,4.0,6.0,5.0,1.0
13136,30Q111,P.S. 111 JACOB BLACKWELL,44,280.0,24.0,17.0,2.0,1.0
13179,30Q126,ALBERT SHANKER SCHOOL FOR VISUAL AND PERFORMING ARTS,160,290.0,63.0,72.0,16.0,9.0
13201,30Q127,P.S. 127 AEROSPACE SCIENCE MAGNE,129,295.0,50.0,57.0,15.0,7.0
13213,30Q141,I.S. 141 THE STEINWAY,270,299.0,66.0,160.0,37.0,7.0
13225,30Q145,I.S. 145 JOSEPH PULITZER,681,304.0,172.0,313.0,142.0,54.0
13329,30Q204,I.S. 204 OLIVER W. HOLMES,167,297.0,52.0,80.0,28.0,7.0
13355,30Q227,I.S. 227 LOUIS ARMSTRONG,451,327.0,24.0,158.0,185.0,84.0
13367,30Q230,I.S. 230,332,324.0,34.0,110.0,112.0,76.0
13391,30Q235,ACADEMY FOR NEW AMERICANS,61,296.0,22.0,28.0,6.0,5.0
13408,30Q286,"YOUNG WOMEN'S LEADERSHIP SCHOOL, ASTORIA",83,307.0,12.0,52.0,12.0,7.0
13446,31R002,I.S. R002 GEORGE L. EGBERT,192,282.0,98.0,77.0,16.0,1.0
13508,31R007,I.S. 007 ELIAS BERNSTEIN,271,315.0,33.0,125.0,85.0,28.0
13650,31R024,I.S. 024 MYRA S. BARNES,240,287.0,111.0,108.0,18.0,3.0
13675,31R027,I.S. 027 ANNING S. PRALL,385,295.0,158.0,133.0,63.0,31.0
13737,31R034,I.S. 034 TOTTENVILLE,259,316.0,25.0,124.0,91.0,19.0
13873,31R049,I.S. 49 BERTA A. DREYFUS,234,274.0,151.0,70.0,12.0,1.0
13897,31R051,I.S. 051 EDWIN MARKHAM,319,275.0,180.0,125.0,14.0,0.0
14007,31R061,I.S. 061 WILLIAM A MORRIS,344,292.0,147.0,132.0,49.0,16.0
14019,31R063,MARSH AVENUE SCHOOL FOR EXPEDITIONARY LEARNING,111,306.0,19.0,59.0,31.0,2.0
14056,31R072,I.S. 072 ROCCO LAURIE,421,310.0,118.0,140.0,90.0,73.0
14078,31R075,I.S. 075 FRANK D. PAULO,282,308.0,42.0,156.0,70.0,14.0
14104,31R080,THE MICHAEL J. PETRIDES SCHOOL,93,323.0,10.0,30.0,39.0,14.0
14124,31R861,STATEN ISLAND SCHOOL OF CIVIC LEADERSHIP,94,320.0,9.0,39.0,29.0,17.0
14145,32K045,P.S./I.S. 045 HORACE E. GREENE,61,279.0,32.0,26.0,3.0,0.0
14241,32K162,J.H.S. 162 THE WILLOUGHBY,151,286.0,71.0,66.0,11.0,3.0
14265,32K291,J.H.S. 291 ROLAND HAYES,156,281.0,87.0,53.0,13.0,3.0
14290,32K347,I.S. 347 SCHOOL OF HUMANITIES,107,291.0,36.0,60.0,11.0,0.0
14302,32K349,"I.S. 349 MATH, SCIENCE & TECH.",131,288.0,60.0,61.0,9.0,1.0
14333,32K377,P.S. 377 ALEJANDRINA B. DE GAUTIER,52,286.0,22.0,23.0,5.0,2.0
14348,32K383,J.H.S. 383 PHILIPPA SCHUYLER,154,289.0,59.0,87.0,8.0,0.0
14370,32K384,P.S. /I.S. 384 FRANCES E. CARTER,70,284.0,34.0,28.0,7.0,1.0
14389,32K562,EVERGREEN MIDDLE SCHOOL FOR URBAN EXPLORATION,128,268.0,97.0,31.0,0.0,0.0
